rep_id,clone.ID,innoculation,innoc_density,monoculture,monoculture_density,coculture1,coculture1_density,coculture2,coculture2_density,coculture3,coculture3_density,media,pair.ID,locality
1,1,24,1.00E+04,5,1.00E+04,18,1.00E+04,10,1.00E+04,21,1.00E+04,A,1,local
2,2,13,1.00E+02,2,1.00E+04,0,1.00E+04,1,1.00E+04,1,1.00E+04,A,1,local
3,1,24,1.00E+04,97,1.00E+05,18,1.00E+05,54,1.00E+04,19,1.00E+05,B,1,local
4,2,13,1.00E+02,82,1.00E+05,15,1.00E+05,43,1.00E+04,19,1.00E+05,B,1,local
5,1,24,1.00E+04,157,1.00E+04,78,1.00E+04,50,1.00E+04,44,1.00E+04,C,1,local
6,2,13,1.00E+02,73,1.00E+03,39,1.00E+04,22,1.00E+04,10,1.00E+04,C,1,local
7,3,162,1.00E+04,117,1.00E+03,50,1.00E+03,22,1.00E+03,16,1.00E+04,A,2,local
8,4,337,1.00E+04,91,1.00E+03,88,1.00E+03,61,1.00E+03,40,1.00E+04,A,2,local
9,3,162,1.00E+04,94,1.00E+05,106,1.00E+05,11,1.00E+05,48,1.00E+05,B,2,local
10,4,337,1.00E+04,178,1.00E+05,64,1.00E+05,66,1.00E+05,45,1.00E+05,B,2,local
11,3,162,1.00E+04,41,1.00E+04,40,1.00E+04,26,1.00E+03,33,1.00E+04,C,2,local
12,4,337,1.00E+04,63,1.00E+04,98,1.00E+04,79,1.00E+03,84,1.00E+04,C,2,local
13,5,272,1.00E+05,6,1.00E+03,6,1.00E+04,13,1.00E+04,5,1.00E+04,A,3,local
14,6,311,1.00E+04,12,1.00E+03,28,1.00E+04,33,1.00E+04,31,1.00E+04,A,3,local
15,5,272,1.00E+05,39,1.00E+05,38,1.00E+05,44,1.00E+05,1,1.00E+05,B,3,local
16,6,311,1.00E+04,NA,1.00E+05,45,1.00E+05,31,1.00E+05,49,1.00E+05,B,3,local
17,5,272,1.00E+05,51,1.00E+04,152,1.00E+04,159,1.00E+04,186,1.00E+04,C,3,local
18,6,311,1.00E+04,96,1.00E+04,0,1.00E+04,2,1.00E+04,0,1.00E+04,C,3,local
19,7,11,1.00E+03,11,1.00E+03,44,1.00E+03,43,1.00E+03,39,1.00E+03,A,4,local
20,8,4,1.00E+04,507,1.00E+01,0,1.00E+03,0,1.00E+03,0,1.00E+03,A,4,local
21,7,11,1.00E+03,66,1.00E+05,11,1.00E+04,2,1.00E+04,10,1.00E+04,B,4,local
22,8,4,1.00E+04,12,1.00E+04,2,1.00E+04,1,1.00E+04,2,1.00E+04,B,4,local
23,7,11,1.00E+03,72,1.00E+04,2,1.00E+04,35,1.00E+03,17,1.00E+04,C,4,local
24,8,4,1.00E+04,23,1.00E+04,61,1.00E+04,144,1.00E+03,102,1.00E+04,C,4,local
25,9,232,1.00E+05,28,1.00E+04,25,1.00E+04,80,1.00E+04,34,1.00E+04,A,5,local
26,10,963,1.00E+04,72,1.00E+04,6,1.00E+04,36,1.00E+04,13,1.00E+04,A,5,local
27,9,232,1.00E+05,50,1.00E+06,49,1.00E+06,51,1.00E+06,33,1.00E+06,B,5,local
28,10,963,1.00E+04,65,1.00E+06,23,1.00E+06,9,1.00E+06,8,1.00E+06,B,5,local
29,9,232,1.00E+05,219,1.00E+03,41,1.00E+04,96,1.00E+04,57,1.00E+04,C,5,local
30,10,963,1.00E+04,42,1.00E+03,12,1.00E+04,24,1.00E+04,25,1.00E+04,C,5,local
31,11,115,1.00E+04,90,1.00E+04,187,1.00E+03,41,1.00E+04,40,1.00E+04,A,6,local
32,12,5,1.00E+03,27,1.00E+03,5,1.00E+03,2,1.00E+04,1,1.00E+04,A,6,local
33,11,115,1.00E+04,393,1.00E+04,74,1.00E+04,9,1.00E+04,41,1.00E+04,B,6,local
34,12,5,1.00E+03,330,1.00E+04,460,1.00E+04,265,1.00E+04,364,1.00E+04,B,6,local
35,11,115,1.00E+04,46,1.00E+04,78,1.00E+04,348,1.00E+03,99,1.00E+04,C,6,local
36,12,5,1.00E+03,116,1.00E+03,1,1.00E+04,14,1.00E+03,6,1.00E+04,C,6,local
37,13,129,1.00E+04,72,1.00E+04,23,1.00E+04,72,1.00E+03,69,1.00E+03,A,7,general
38,14,1,1.00E+04,101,1.00E+03,5,1.00E+04,16,1.00E+03,4,1.00E+03,A,7,general
39,13,129,1.00E+04,210,1.00E+05,9,1.00E+04,75,1.00E+04,42,1.00E+04,B,7,general
40,14,1,1.00E+04,302,1.00E+05,114,1.00E+04,272,1.00E+04,41,1.00E+04,B,7,general
41,13,129,1.00E+04,62,1.00E+04,100,1.00E+04,92,1.00E+04,51,1.00E+04,C,7,general
42,14,1,1.00E+04,38,1.00E+04,66,1.00E+04,52,1.00E+04,26,1.00E+04,C,7,general
43,15,230,1.00E+04,328,1.00E+03,38,1.00E+04,18,1.00E+04,50,1.00E+04,A,8,general
44,16,26,1.00E+01,NA,NA,1,1.00E+02,0,1.00E+02,1,1.00E+02,A,8,general
45,15,230,1.00E+04,160,1.00E+05,361,1.00E+05,285,1.00E+05,314,1.00E+05,B,8,general
46,16,26,1.00E+01,95,1.00E+04,1,1.00E+05,1,1.00E+05,0,1.00E+05,B,8,general
47,15,230,1.00E+04,174,1.00E+04,28,1.00E+03,101,1.00E+03,124,1.00E+03,C,8,general
48,16,26,1.00E+01,64,1.00E+03,0,1.00E+03,1,1.00E+03,3,1.00E+03,C,8,general
49,17,1287,1.00E+04,176,1.00E+04,156,1.00E+04,32,1.00E+04,42,1.00E+04,A,9,general
50,18,23,1.00E+03,2,1.00E+03,3,1.00E+04,4,1.00E+04,4,1.00E+04,A,9,general
51,17,1287,1.00E+04,176,1.00E+05,85,1.00E+05,221,1.00E+05,91,1.00E+05,B,9,general
52,18,23,1.00E+03,31,1.00E+05,5,1.00E+05,36,1.00E+05,3,1.00E+05,B,9,general
53,17,1287,1.00E+04,42,1.00E+04,78,1.00E+04,238,1.00E+03,55,1.00E+04,C,9,general
54,18,23,1.00E+03,145,1.00E+03,12,1.00E+04,34,1.00E+03,9,1.00E+04,C,9,general
55,19,269,1.00E+04,139,1.00E+03,10,1.00E+04,10,1.00E+04,4,1.00E+04,A,10,general
56,20,64,1.00E+04,86,1.00E+04,43,1.00E+04,39,1.00E+04,42,1.00E+04,A,10,general
57,19,269,1.00E+04,110,1.00E+05,7,1.00E+05,9,1.00E+05,15,1.00E+05,B,10,general
58,20,64,1.00E+04,285,1.00E+05,207,1.00E+05,161,1.00E+05,205,1.00E+05,B,10,general
59,19,269,1.00E+04,99,1.00E+04,26,1.00E+04,15,1.00E+04,39,1.00E+04,C,10,general
60,20,64,1.00E+04,71,1.00E+04,37,1.00E+04,27,1.00E+04,70,1.00E+04,C,10,general
61,21,4,1.00E+03,NA,NA,NA,NA,NA,NA,NA,NA,A,11,general
62,22,NA,NA,NA,NA,NA,NA,NA,NA,NA,NA,A,11,general
63,21,4,1.00E+03,NA,NA,NA,NA,NA,NA,NA,NA,B,11,general
64,22,NA,NA,NA,NA,NA,NA,NA,NA,NA,NA,B,11,general
65,21,4,1.00E+03,NA,NA,NA,NA,NA,NA,NA,NA,C,11,general
66,22,NA,NA,NA,NA,NA,NA,NA,NA,NA,NA,C,11,general
67,23,206,1.00E+04,12,1.00E+04,18,1.00E+04,8,1.00E+04,15,1.00E+04,A,12,general
68,24,328,1.00E+05,38,1.00E+04,41,1.00E+04,51,1.00E+04,59,1.00E+04,A,12,general
69,23,206,1.00E+04,80,1.00E+05,4,1.00E+05,4,1.00E+05,4,1.00E+05,B,12,general
70,24,328,1.00E+05,210,1.00E+05,70,1.00E+05,44,1.00E+05,217,1.00E+05,B,12,general
71,23,206,1.00E+04,79,1.00E+04,17,1.00E+04,16,1.00E+04,27,1.00E+04,C,12,general
72,24,328,1.00E+05,197,1.00E+04,268,1.00E+04,201,1.00E+04,231,1.00E+04,C,12,general
73,25,266,1.00E+04,16,1.00E+04,128,1.00E+03,65,1.00E+03,14,1.00E+04,A,13,different
74,26,23,1.00E+04,36,1.00E+03,29,1.00E+03,18,1.00E+03,3,1.00E+04,A,13,different
75,25,266,1.00E+04,17,1.00E+06,63,1.00E+05,61,1.00E+05,32,1.00E+05,B,13,different
76,26,23,1.00E+04,113,1.00E+05,14,1.00E+05,34,1.00E+05,7,1.00E+05,B,13,different
77,25,266,1.00E+04,94,1.00E+04,110,1.00E+04,116,1.00E+04,155,1.00E+04,C,13,different
78,26,23,1.00E+04,96,1.00E+04,60,1.00E+04,89,1.00E+04,64,1.00E+04,C,13,different
79,27,9,1.00E+02,12,1.00E+03,5,1.00E+03,2,1.00E+04,5,1.00E+04,A,14,different
80,28,138,1.00E+04,126,1.00E+03,61,1.00E+03,22,1.00E+04,23,1.00E+04,A,14,different
81,27,9,1.00E+02,33,1.00E+05,11,1.00E+05,12,1.00E+05,18,1.00E+05,B,14,different
82,28,138,1.00E+04,334,1.00E+05,55,1.00E+05,24,1.00E+05,33,1.00E+05,B,14,different
83,27,9,1.00E+02,92,1.00E+04,74,1.00E+04,68,1.00E+04,181,1.00E+03,C,14,different
84,28,138,1.00E+04,228,1.00E+04,105,1.00E+04,91,1.00E+04,285,1.00E+03,C,14,different
85,29,5,1.00E+01,2,1.00E+03,56,1.00E+02,39,1.00E+03,8,1.00E+03,A,15,different
86,30,114,1.00E+04,10,1.00E+03,102,1.00E+02,10,1.00E+03,12,1.00E+03,A,15,different
87,29,5,1.00E+01,305,1.00E+05,6,1.00E+04,47,1.00E+04,14,1.00E+04,B,15,different
88,30,114,1.00E+04,9,1.00E+04,111,1.00E+04,34,1.00E+04,33,1.00E+04,B,15,different
89,29,5,1.00E+01,101,1.00E+03,276,1.00E+03,151,1.00E+03,44,1.00E+04,C,15,different
90,30,114,1.00E+04,9,1.00E+04,6,1.00E+03,12,1.00E+03,2,1.00E+04,C,15,different
91,31,3,1.00E+03,NA,NA,16,1.00E+03,1,1.00E+03,3,1.00E+03,A,16,different
92,32,30,1.00E+04,22,1.00E+04,134,1.00E+03,167,1.00E+03,83,1.00E+03,A,16,different
93,31,3,1.00E+03,20,1.00E+04,0,1.00E+05,179,1.00E+05,0,1.00E+05,B,16,different
94,32,30,1.00E+04,640,1.00E+05,293,1.00E+05,311,1.00E+05,567,1.00E+05,B,16,different
95,31,3,1.00E+03,4,1.00E+03,1,1.00E+04,1,1.00E+04,0,1.00E+04,C,16,different
96,32,30,1.00E+04,142,1.00E+04,166,1.00E+04,90,1.00E+04,50,1.00E+04,C,16,different
97,33,1,1.00E+04,8,1.00E+03,2,1.00E+03,2,1.00E+03,NA,NA,A,17,different
98,34,549,1.00E+04,24,1.00E+03,43,1.00E+03,23,1.00E+03,NA,NA,A,17,different
99,33,1,1.00E+04,18,1.00E+05,0,1.00E+05,0,1.00E+05,0,1.00E+05,B,17,different
100,34,549,1.00E+04,44,1.00E+05,241,1.00E+05,295,1.00E+05,247,1.00E+05,B,17,different
101,33,1,1.00E+04,75,1.00E+04,81,1.00E+04,47,1.00E+04,39,1.00E+04,C,17,different
102,34,549,1.00E+04,55,1.00E+04,21,1.00E+04,8,1.00E+04,12,1.00E+04,C,17,different
103,35,NA,NA,23,1.00E+04,48,1.00E+03,41,1.00E+03,39,1.00E+03,A,18,different
104,36,3,1.00E+03,5,1.00E+03,18,1.00E+03,13,1.00E+03,14,1.00E+03,A,18,different
105,35,NA,NA,183,1.00E+05,137,1.00E+05,157,1.00E+05,38,1.00E+06,B,18,different
106,36,3,1.00E+03,3,1.00E+05,42,1.00E+05,6,1.00E+05,4,1.00E+06,B,18,different
107,35,NA,NA,171,1.00E+04,60,1.00E+04,71,1.00E+04,41,1.00E+04,C,18,different
108,36,3,1.00E+03,27,1.00E+04,4,1.00E+04,113,1.00E+04,28,1.00E+04,C,18,different
